{"loss":[1.301253,1.1901379,1.2191823,1.2012812,1.172927,1.1684325,1.1602932,1.1600032,1.1579996,1.1497298,1.1539707,1.1460891,1.1403785,1.1436994,1.1374742,1.138722,1.1399934,1.116537,1.111502,1.103428,1.1108105,1.0948982,1.08841,1.08366,1.0721068,1.0663153,1.0719818,1.0606697,1.053408,1.0494485,1.0680473,1.0456666,1.0372645,1.02166,1.0086865,1.0057262,0.99160725,0.984878,0.9694576,0.9652946,1.1077312,1.1418772,1.107202,1.0724995,1.0527507,1.0820793,1.0447353,1.0123485,0.9825585,0.96853334,0.9634747,0.95765066,0.9681987,0.9472188,0.94182134,0.944277,0.9301841,0.9236664,0.91051453,0.9054055,0.90045214,0.90945864,0.90642095,0.9008222,0.8922874,0.8897838,0.8938605,0.88052815,0.8727881,0.8865981,0.876451,0.88434154,0.8756716,0.8661873,0.8698851,0.8664509,0.8573649,0.85766053,0.85205144,0.8597337,0.8497768,0.8485544,0.85328346,0.8461166,0.8421437,0.85184973,0.8589562,0.84882337,0.835995,0.83944154,0.8438457,0.834292,0.8226903,0.8311445,0.8261979,0.8301414,0.82626325,0.8212311,0.8212774,0.8150289],"accuracy":[0.41811082,0.5484501,0.51720774,0.53112036,0.563095,0.56748843,0.578228,0.57749575,0.5818892,0.5870149,0.5804247,0.59165245,0.5960459,0.5899439,0.60092753,0.59702224,0.59702224,0.62118626,0.62509155,0.6333903,0.6258238,0.6421772,0.6487674,0.65608984,0.66731757,0.6719551,0.6665853,0.6809861,0.6861118,0.68952894,0.6643886,0.69221383,0.70100075,0.716866,0.7334635,0.73199904,0.74859655,0.7571394,0.771052,0.7759336,0.63046134,0.593361,0.6270442,0.6643886,0.6858677,0.65194046,0.69465464,0.7246766,0.7578716,0.7725165,0.7761777,0.78325605,0.77031976,0.7932634,0.7969246,0.795216,0.81181353,0.816207,0.8306078,0.83841836,0.84378815,0.8318282,0.83744204,0.83963877,0.84891385,0.85379547,0.8481816,0.86185014,0.86966074,0.8518428,0.8647791,0.85672444,0.8664877,0.8779595,0.8711252,0.87478644,0.8865023,0.88503784,0.8894313,0.8828411,0.89504516,0.89382476,0.8894313,0.8967537,0.90139127,0.89138395,0.88381743,0.89236027,0.90676105,0.90285575,0.8996827,0.90798146,0.92335856,0.91188675,0.9167684,0.9140835,0.9160361,0.92165,0.9214059,0.9292165],"val_loss":[1.2269598,1.2202303,1.6804307,1.1457047,1.3902196,1.2499098,1.3784366,1.1160865,1.1595967,1.2060038,1.3646419,1.1086705,1.3774945,1.2621061,1.2130401,1.191,1.3637216,1.2889373,1.282741,1.401871,1.1470398,1.1205503,1.0919628,1.1176283,1.0658941,1.0977497,1.2484993,1.0620135,1.2412641,1.0257192,1.0397565,1.0566316,1.1342316,1.1634078,1.136254,1.1680743,1.1990957,1.116509,1.112363,1.1037676,1.3418189,1.2553973,1.1499637,1.1925907,1.1822261,1.1967447,1.1986599,1.1921086,1.161612,1.1781381,1.1361526,1.1737629,1.0923007,1.1048937,1.080483,0.9936651,1.1117142,1.0415189,1.036641,1.0649632,1.048417,1.1225743,0.9656329,1.0454228,1.0257033,0.96646583,1.0727229,1.1020653,1.0453616,1.0864455,0.9839022,1.0629995,0.96793497,0.9956148,1.0658824,0.9575572,0.9184516,0.90736085,1.0062994,0.9252425,0.93694496,0.9584925,0.93148845,0.92725474,0.96175206,0.9592906,0.8927329,0.9008944,0.92823815,0.9032428,0.926285,0.8605747,0.86768633,0.85012835,0.91066,0.9477679,0.85694665,0.87508714,0.88331634,0.85401946],"val_accuracy":[0.51660156,0.5234375,0.061523438,0.5986328,0.35351562,0.49316406,0.36523438,0.6279297,0.5839844,0.5371094,0.37890625,0.6347656,0.36621094,0.4814453,0.5292969,0.55371094,0.3798828,0.45410156,0.4609375,0.34179688,0.5957031,0.6230469,0.6513672,0.625,0.6777344,0.6455078,0.4951172,0.6816406,0.5019531,0.71777344,0.70410156,0.68652344,0.609375,0.5800781,0.6074219,0.5751953,0.5449219,0.62597656,0.6308594,0.63964844,0.40234375,0.48828125,0.59277344,0.55078125,0.56152344,0.546875,0.5449219,0.5517578,0.58203125,0.5654297,0.6074219,0.56933594,0.6513672,0.6386719,0.66308594,0.75,0.63183594,0.70214844,0.70703125,0.67871094,0.69433594,0.62109375,0.7783203,0.6982422,0.71777344,0.77734375,0.67089844,0.64160156,0.6982422,0.65722656,0.7597656,0.68066406,0.7753906,0.7480469,0.6777344,0.7861328,0.8251953,0.8359375,0.7373047,0.8183594,0.8066406,0.78515625,0.8125,0.81640625,0.78222656,0.7841797,0.85058594,0.84277344,0.8154297,0.83984375,0.8173828,0.8828125,0.87597656,0.8935547,0.8330078,0.79589844,0.88671875,0.86816406,0.86035156,0.88964844]}
